[
  {
    "name": "10 Minutes Till dawn",
    "source": "/cdn/10-minutes-till-dawn/index.html",
    "image": "/assets/img/tmtd.png",
    "id": "001",
    "desc": ""
  },
  {
    "name": "2048",
    "source": "/cdn/2048/index.html",
    "image": "/assets/img/2048.png",
    "id": "002",
    "desc": ""
  },
  {
    "name": "Alien Hominid",
    "source": "/cdn/alienhominid/index.html",
    "image": "/cdn/alienhominid/alienhominid.jpg",
    "id": "003",
    "desc": ""
  },
  {
    "name": "Amidst The Clouds",
    "source": "/cdn/amidst-the-clouds/index.html",
    "image": "/cdn/amidst-the-clouds/splash.png",
    "id": "004",
    "desc": ""
  },
  {
    "name": "Awesome Tanks 2",
    "source": "/cdn/awesometanks2/index.html",
    "image": "/assets/img/awesometanks.jpg",
    "id": "005",
    "desc": ""
  },
  {
    "name": "Black Hole Square",
    "source": "/cdn/black-hole-square/index.html",
    "image": "/assets/img/blackholesquare.png",
    "id": "006",
    "desc": ""
  },
  {
    "name": "Big Tower Tiny Square",
    "source": "/cdn/btts/index.html",
    "image": "/cdn/btts/images.png",
    "id": "007",
    "desc": ""
  },
  {
    "name": "Big NEON Tower Tiny Square",
    "source": "/cdn/bntts/index.html",
    "image": "/cdn/bntts/icons/icon-256.png",
    "id": "008",
    "desc": ""
  },
  {
    "name": "Circlo",
    "source": "/cdn/circlo/index.html",
    "image": "/cdn/circlo/img/circlo.png",
    "id": "009",
    "desc": ""
  },
  {
    "name": "Crossy Road",
    "source": "/cdn/crossy-road/index.html",
    "image": "/cdn/crossy-road/icon.png",
    "id": "010",
    "desc": ""
  },
  {
    "name": "Dante",
    "source": "/cdn/dante/index.html",
    "image": "/cdn/dante/splash.png",
    "id": "011",
    "desc": ""
  },
  {
    "name": "Doodle Jump",
    "source": "/cdn/doodle-jump/index.html",
    "image": "/cdn/doodle-jump/doodle.png",
    "id": "012",
    "desc": ""
  },
  {
    "name": "Duck Life 4",
    "source": "/cdn/ducklife4/index.html",
    "image": "/cdn/ducklife4/splash.jpg",
    "id": "013",
    "desc": ""
  },
  {
    "name": "Fruit Ninja",
    "source": "https://skoolgq.github.io/Polaris-Assets/fruit-ninja/index.html",
    "image": "/cdn/fruit-ninja/FruitNinjaTeaser.jpg",
    "id": "014",
    "desc": ""
  },
  {
    "name": "Getaway Shootout",
    "source": "https://skoolgq.github.io/Polaris-Assets/getaway-shootout/index.html",
    "image": "/cdn/getaway-shootout/img/index.jpg",
    "id": "015",
    "desc": ""
  },
  {
    "name": "Jetpack Joyride",
    "source": "/cdn/jetpack-joyride/index.html",
    "image": "/cdn/jetpack-joyride/splash.jpg",
    "id": "016",
    "desc": ""
  },
  {
    "name": "Super Mario Bros",
    "source": "/cdn/mario/index.html",
    "image": "/cdn/mario/Theme/Mario.gif",
    "id": "017",
    "desc": ""
  },
  {
    "name": "Mindustry",
    "source": "/cdn/mindustry/index.html",
    "image": "/cdn/mindustry/splash.png",
    "id": "018",
    "desc": ""
  },
  {
    "name": "Missiles",
    "source": "/cdn/missiles/index.html",
    "image": "/cdn/missiles/miss.png",
    "id": "019",
    "desc": ""
  },
  {
    "name": "Monkey Mart",
    "source": "/cdn/monkey-mart/index.html",
    "image": "https://play-lh.googleusercontent.com/Mq2MGUBjTRHMmx1NLlgQF3fKZQ5Yvtvy2Hg0nD5eDhVDHvyBDxcZEj830uUzGxlbg94=w240-h480-rw",
    "id": "020",
    "desc": ""
  },
  {
    "name": "Moto X3M",
    "source": "/cdn/motox3m/index.html",
    "image": "/cdn/motox3m/splash.jpg",
    "id": "021",
    "desc": ""
  },
  {
    "name": "Moto X3M Pool Party",
    "source": "/cdn/motox3m-pool/index.html",
    "image": "/cdn/motox3m-pool/splash.jpg",
    "id": "022",
    "desc": ""
  },
  {
    "name": "Moto X3M Spooky",
    "source": "/cdn/motox3m-spooky/index.html",
    "image": "/cdn/motox3m-spooky/splash.jpeg",
    "id": "023",
    "desc": ""
  },
  {
    "name": "Moto X3M Winter",
    "source": "/cdn/motox3m-winter/index.html",
    "image": "/cdn/motox3m-winter/download.jpeg",
    "id": "024",
    "desc": ""
  },
  {
    "name": "Offline Paradise",
    "source": "/cdn/offline-paradise/index.html",
    "image": "/cdn/offline-paradise/assets/icon.jpeg",
    "id": "025",
    "desc": ""
  },
  {
    "name": "OvO",
    "source": "/cdn/ovo/index.html",
    "image": "https://play-lh.googleusercontent.com/v7KwGdPjJGjJjRXn46sck4DwDBdKSeRzGN44CjiXUtKV0jjOi51Bt4wcXud0m-SkXg",
    "id": "026",
    "desc": ""
  },
  {
    "name": "Retro Bowl",
    "source": "https://jakwhegf.github.io/iuertjklngkkdd/",
    "image": "https://jakwhegf.github.io/iuertjklngkkdd/img/icon.jpg",
    "id": "027",
    "desc": ""
  },
  {
    "name": "Run 3",
    "source": "/cdn/run-3/Run%203.html",
    "image": "https://encrypted-tbn0.gstatic.com/images?q=tbn:ANd9GcSs5Ei5kIaoCcE5x-QAJ4c4EzL68mBRk6RGQuo8_n-rXw&s",
    "id": "028",
    "desc": ""
  }
]
